image,helmet,mask
dataset/images_new/16_1.jpg,0,0
dataset/images_new/16_2.jpg,1,1
dataset/images_new/16_3.jpg,1,1
dataset/images_new/16_4.jpg,0,0
dataset/images_new/16_5.jpg,0,1
dataset/images_new/16_6.jpg,0,0
dataset/images_new/289_1.jpg,0,1
dataset/images_new/40_1.jpg,1,0
dataset/images_new/40_2.jpg,0,1
dataset/images_new/40_3.jpg,0,1
dataset/images_new/411_1.jpg,0,0
dataset/images_new/199_1.jpg,0,0
dataset/images_new/199_2.jpg,1,1
dataset/images_new/361_1.jpg,1,0
dataset/images_new/361_2.jpg,1,0
dataset/images_new/361_3.jpg,1,0
dataset/images_new/361_4.jpg,0,0
dataset/images_new/361_5.jpg,1,0
dataset/images_new/361_6.jpg,1,0
dataset/images_new/361_7.jpg,0,0
dataset/images_new/361_8.jpg,1,0
dataset/images_new/310_1.jpg,1,0
dataset/images_new/310_2.jpg,1,0
dataset/images_new/396_1.jpg,1,0
dataset/images_new/396_2.jpg,1,0
dataset/images_new/396_3.jpg,1,0
dataset/images_new/396_4.jpg,1,0
dataset/images_new/396_5.jpg,1,0
dataset/images_new/396_6.jpg,0,0
dataset/images_new/141_1.jpg,1,0
dataset/images_new/167_1.jpg,1,1
dataset/images_new/427_1.jpg,1,1
dataset/images_new/427_2.jpg,0,0
dataset/images_new/427_3.jpg,1,0
dataset/images_new/427_4.jpg,1,0
dataset/images_new/431_1.jpg,1,0
dataset/images_new/540_1.jpg,0,0
dataset/images_new/572_1.jpg,0,1
dataset/images_new/572_2.jpg,1,1
dataset/images_new/572_3.jpg,1,1
dataset/images_new/572_4.jpg,1,1
dataset/images_new/572_5.jpg,0,1
dataset/images_new/572_6.jpg,0,1
dataset/images_new/572_7.jpg,1,1
dataset/images_new/572_8.jpg,0,0
dataset/images_new/496_1.jpg,1,0
dataset/images_new/59_1.jpg,1,0
dataset/images_new/419_1.jpg,1,0
dataset/images_new/419_2.jpg,1,1
dataset/images_new/419_3.jpg,1,0
dataset/images_new/268_1.jpg,0,0
dataset/images_new/268_2.jpg,1,1
dataset/images_new/223_1.jpg,0,0
dataset/images_new/240_1.jpg,0,0
dataset/images_new/240_2.jpg,1,0
dataset/images_new/590_1.jpg,1,1
dataset/images_new/590_2.jpg,1,0
dataset/images_new/590_3.jpg,1,0
dataset/images_new/590_4.jpg,1,1
dataset/images_new/580_1.jpg,0,0
dataset/images_new/580_2.jpg,0,0
dataset/images_new/580_3.jpg,0,0
dataset/images_new/580_4.jpg,0,0
dataset/images_new/580_5.jpg,0,0
dataset/images_new/580_6.jpg,1,0
dataset/images_new/580_7.jpg,1,1
dataset/images_new/580_8.jpg,1,1
dataset/images_new/580_9.jpg,1,0
dataset/images_new/96_1.jpg,1,1
dataset/images_new/75_1.jpg,1,0
dataset/images_new/320_1.jpg,1,0
dataset/images_new/320_2.jpg,1,1
dataset/images_new/140_1.jpg,1,0
dataset/images_new/430_1.jpg,0,0
dataset/images_new/430_2.jpg,0,1
dataset/images_new/441_1.jpg,0,0
dataset/images_new/441_2.jpg,0,0
dataset/images_new/286_1.jpg,0,1
dataset/images_new/286_2.jpg,1,0
dataset/images_new/286_3.jpg,0,0
dataset/images_new/536_1.jpg,0,0
dataset/images_new/12_1.jpg,1,0
dataset/images_new/12_2.jpg,0,0
dataset/images_new/12_3.jpg,1,1
dataset/images_new/162_1.jpg,0,0
dataset/images_new/542_1.jpg,0,0
dataset/images_new/542_2.jpg,1,0
dataset/images_new/364_1.jpg,1,0
dataset/images_new/364_2.jpg,1,0
dataset/images_new/364_3.jpg,0,0
dataset/images_new/604_1.jpg,1,0
dataset/images_new/604_2.jpg,1,0
dataset/images_new/604_3.jpg,1,0
dataset/images_new/604_4.jpg,1,0
dataset/images_new/604_5.jpg,1,0
dataset/images_new/209_1.jpg,0,0
dataset/images_new/209_2.jpg,0,0
dataset/images_new/209_3.jpg,1,0
dataset/images_new/209_4.jpg,1,0
dataset/images_new/209_5.jpg,1,0
dataset/images_new/270_1.jpg,1,0
dataset/images_new/270_2.jpg,1,0
dataset/images_new/270_3.jpg,1,0
dataset/images_new/270_4.jpg,1,0
dataset/images_new/270_5.jpg,1,0
dataset/images_new/270_6.jpg,0,0
dataset/images_new/270_7.jpg,1,0
dataset/images_new/270_8.jpg,1,0
dataset/images_new/270_9.jpg,1,0
dataset/images_new/270_10.jpg,1,0
dataset/images_new/270_11.jpg,0,0
dataset/images_new/270_12.jpg,1,0
dataset/images_new/161_1.jpg,0,0
dataset/images_new/161_2.jpg,0,0
dataset/images_new/161_3.jpg,1,1
dataset/images_new/471_1.jpg,1,1
dataset/images_new/471_2.jpg,1,0
dataset/images_new/471_3.jpg,1,1
dataset/images_new/471_4.jpg,1,1
dataset/images_new/375_1.jpg,0,0
dataset/images_new/375_2.jpg,1,0
dataset/images_new/214_1.jpg,1,0
dataset/images_new/192_1.jpg,1,0
dataset/images_new/520_1.jpg,1,0
dataset/images_new/520_2.jpg,1,0
dataset/images_new/520_3.jpg,1,0
dataset/images_new/520_4.jpg,1,0
dataset/images_new/520_5.jpg,1,0
dataset/images_new/520_6.jpg,1,0
dataset/images_new/122_1.jpg,0,0
dataset/images_new/122_2.jpg,0,1
dataset/images_new/32_1.jpg,1,1
dataset/images_new/32_2.jpg,1,1
dataset/images_new/345_1.jpg,1,0
dataset/images_new/345_2.jpg,1,0
dataset/images_new/345_3.jpg,1,0
dataset/images_new/345_4.jpg,0,0
dataset/images_new/398_1.jpg,1,1
dataset/images_new/398_2.jpg,1,0
dataset/images_new/398_3.jpg,1,0
dataset/images_new/523_1.jpg,1,1
dataset/images_new/523_2.jpg,1,1
dataset/images_new/523_3.jpg,1,1
dataset/images_new/523_4.jpg,1,1
dataset/images_new/523_5.jpg,1,1
dataset/images_new/585_1.jpg,1,0
dataset/images_new/554_1.jpg,1,0
dataset/images_new/554_2.jpg,0,0
dataset/images_new/554_3.jpg,1,0
dataset/images_new/554_4.jpg,0,0
dataset/images_new/554_5.jpg,0,0
dataset/images_new/291_1.jpg,1,0
dataset/images_new/291_2.jpg,1,0
dataset/images_new/291_3.jpg,1,0
dataset/images_new/458_1.jpg,0,0
dataset/images_new/458_2.jpg,1,1
dataset/images_new/571_1.jpg,1,0
dataset/images_new/571_2.jpg,1,0
dataset/images_new/571_3.jpg,1,0
dataset/images_new/571_4.jpg,0,0
dataset/images_new/571_5.jpg,1,0
dataset/images_new/570_1.jpg,1,1
dataset/images_new/570_2.jpg,1,0
dataset/images_new/173_1.jpg,1,1
dataset/images_new/173_2.jpg,1,1
dataset/images_new/20_1.jpg,1,0
dataset/images_new/594_1.jpg,1,0
dataset/images_new/594_2.jpg,1,0
dataset/images_new/594_3.jpg,1,0
dataset/images_new/594_4.jpg,1,0
dataset/images_new/198_1.jpg,0,0
dataset/images_new/80_1.jpg,1,0
dataset/images_new/80_2.jpg,1,0
dataset/images_new/80_3.jpg,1,0
dataset/images_new/80_4.jpg,1,1
dataset/images_new/80_5.jpg,1,1
dataset/images_new/80_6.jpg,1,1
dataset/images_new/80_7.jpg,1,1
dataset/images_new/80_8.jpg,1,1
dataset/images_new/80_9.jpg,1,1
dataset/images_new/31_1.jpg,1,0
dataset/images_new/31_2.jpg,1,0
dataset/images_new/418_1.jpg,1,1
dataset/images_new/418_2.jpg,1,1
dataset/images_new/418_3.jpg,0,0
dataset/images_new/546_1.jpg,0,1
dataset/images_new/546_2.jpg,0,0
dataset/images_new/482_1.jpg,1,0
dataset/images_new/51_1.jpg,0,1
dataset/images_new/51_2.jpg,1,0
dataset/images_new/454_1.jpg,1,0
dataset/images_new/454_2.jpg,1,0
dataset/images_new/454_3.jpg,0,0
dataset/images_new/454_4.jpg,0,0
dataset/images_new/454_5.jpg,1,0
dataset/images_new/454_6.jpg,1,0
dataset/images_new/454_7.jpg,1,0
dataset/images_new/583_1.jpg,1,1
dataset/images_new/583_2.jpg,0,0
dataset/images_new/583_3.jpg,0,0
dataset/images_new/583_4.jpg,1,0
dataset/images_new/583_5.jpg,1,0
dataset/images_new/583_6.jpg,0,0
dataset/images_new/135_1.jpg,1,0
dataset/images_new/508_1.jpg,0,0
dataset/images_new/508_2.jpg,0,0
dataset/images_new/508_3.jpg,1,0
dataset/images_new/508_4.jpg,1,0
dataset/images_new/508_5.jpg,0,0
dataset/images_new/508_6.jpg,0,0
dataset/images_new/508_7.jpg,0,0
dataset/images_new/55_1.jpg,1,0
dataset/images_new/58_1.jpg,0,0
dataset/images_new/58_2.jpg,1,1
dataset/images_new/58_3.jpg,0,0
dataset/images_new/58_4.jpg,1,0
dataset/images_new/58_5.jpg,0,0
dataset/images_new/58_6.jpg,0,0
dataset/images_new/391_1.jpg,1,1
dataset/images_new/391_2.jpg,1,0
dataset/images_new/391_3.jpg,1,0
dataset/images_new/440_1.jpg,1,0
dataset/images_new/440_2.jpg,0,0
dataset/images_new/440_3.jpg,0,1
dataset/images_new/440_4.jpg,0,0
dataset/images_new/440_5.jpg,0,1
dataset/images_new/440_6.jpg,0,1
dataset/images_new/440_7.jpg,1,1
dataset/images_new/440_8.jpg,1,1
dataset/images_new/440_9.jpg,1,0
dataset/images_new/386_1.jpg,1,0
dataset/images_new/386_2.jpg,0,0
dataset/images_new/386_3.jpg,0,0
dataset/images_new/300_1.jpg,1,0
dataset/images_new/300_2.jpg,0,1
dataset/images_new/515_1.jpg,1,1
dataset/images_new/313_1.jpg,1,0
dataset/images_new/313_2.jpg,1,0
dataset/images_new/378_1.jpg,0,0
dataset/images_new/186_1.jpg,1,0
dataset/images_new/186_2.jpg,0,0
dataset/images_new/128_1.jpg,1,0
dataset/images_new/128_2.jpg,1,0
dataset/images_new/352_1.jpg,0,0
dataset/images_new/352_2.jpg,1,0
dataset/images_new/352_3.jpg,0,0
dataset/images_new/120_1.jpg,1,0
dataset/images_new/154_1.jpg,1,1
dataset/images_new/154_2.jpg,0,0
dataset/images_new/203_1.jpg,1,0
dataset/images_new/203_2.jpg,1,0
dataset/images_new/203_3.jpg,1,0
dataset/images_new/203_4.jpg,1,1
dataset/images_new/343_1.jpg,1,1
dataset/images_new/3_1.jpg,1,0
dataset/images_new/3_2.jpg,1,1
dataset/images_new/3_3.jpg,1,1
dataset/images_new/3_4.jpg,1,0
dataset/images_new/3_5.jpg,1,1
dataset/images_new/3_6.jpg,1,1
dataset/images_new/160_1.jpg,0,0
dataset/images_new/160_2.jpg,1,0
dataset/images_new/557_1.jpg,1,0
dataset/images_new/557_2.jpg,0,0
dataset/images_new/557_3.jpg,1,0
dataset/images_new/557_4.jpg,1,1
dataset/images_new/557_5.jpg,1,1
dataset/images_new/557_6.jpg,0,0
dataset/images_new/241_1.jpg,1,0
dataset/images_new/180_1.jpg,1,1
dataset/images_new/142_1.jpg,0,0
dataset/images_new/588_1.jpg,1,0
dataset/images_new/588_2.jpg,1,0
dataset/images_new/588_3.jpg,1,0
dataset/images_new/200_1.jpg,0,0
dataset/images_new/200_2.jpg,0,0
dataset/images_new/200_3.jpg,1,1
dataset/images_new/200_4.jpg,1,0
dataset/images_new/200_5.jpg,1,0
dataset/images_new/200_6.jpg,1,0
dataset/images_new/200_7.jpg,1,0
dataset/images_new/200_8.jpg,1,0
dataset/images_new/200_9.jpg,1,0
dataset/images_new/200_10.jpg,1,0
dataset/images_new/200_11.jpg,1,0
dataset/images_new/200_12.jpg,1,0
dataset/images_new/29_1.jpg,1,0
dataset/images_new/29_2.jpg,1,1
dataset/images_new/379_1.jpg,1,0
dataset/images_new/379_2.jpg,0,0
dataset/images_new/379_3.jpg,0,0
dataset/images_new/379_4.jpg,1,0
dataset/images_new/379_5.jpg,0,0
dataset/images_new/1_1.jpg,0,1
dataset/images_new/11_1.jpg,0,0
dataset/images_new/168_1.jpg,1,1
dataset/images_new/168_2.jpg,1,0
dataset/images_new/168_3.jpg,1,0
dataset/images_new/168_4.jpg,1,0
dataset/images_new/168_5.jpg,1,0
dataset/images_new/168_6.jpg,1,0
dataset/images_new/168_7.jpg,1,1
dataset/images_new/168_8.jpg,1,1
dataset/images_new/595_1.jpg,0,0
dataset/images_new/101_1.jpg,0,0
dataset/images_new/228_1.jpg,1,0
dataset/images_new/591_1.jpg,1,0
dataset/images_new/591_2.jpg,1,0
dataset/images_new/591_3.jpg,1,0
dataset/images_new/591_4.jpg,1,0
dataset/images_new/591_5.jpg,0,0
dataset/images_new/591_6.jpg,1,0
dataset/images_new/10_1.jpg,1,1
dataset/images_new/332_1.jpg,1,1
dataset/images_new/351_1.jpg,1,0
dataset/images_new/287_1.jpg,0,0
dataset/images_new/287_2.jpg,1,0
dataset/images_new/287_3.jpg,1,1
dataset/images_new/287_4.jpg,1,0
dataset/images_new/290_1.jpg,0,0
dataset/images_new/221_1.jpg,0,0
dataset/images_new/39_1.jpg,1,1
dataset/images_new/155_1.jpg,0,0
dataset/images_new/163_1.jpg,1,0
dataset/images_new/341_1.jpg,1,0
dataset/images_new/341_2.jpg,0,0
dataset/images_new/170_1.jpg,1,0
dataset/images_new/170_2.jpg,0,0
dataset/images_new/304_1.jpg,0,0
dataset/images_new/304_2.jpg,0,0
dataset/images_new/304_3.jpg,1,0
dataset/images_new/304_4.jpg,1,0
dataset/images_new/304_5.jpg,0,0
dataset/images_new/304_6.jpg,0,0
dataset/images_new/304_7.jpg,0,0
dataset/images_new/304_8.jpg,0,0
dataset/images_new/304_9.jpg,0,0
dataset/images_new/304_10.jpg,1,0
dataset/images_new/304_11.jpg,0,0
dataset/images_new/304_12.jpg,0,0
dataset/images_new/362_1.jpg,1,1
dataset/images_new/171_1.jpg,1,0
dataset/images_new/497_1.jpg,1,0
dataset/images_new/194_1.jpg,0,0
dataset/images_new/194_2.jpg,1,0
dataset/images_new/587_1.jpg,1,1
dataset/images_new/587_2.jpg,1,0
dataset/images_new/587_3.jpg,1,1
dataset/images_new/587_4.jpg,0,0
dataset/images_new/151_1.jpg,0,0
dataset/images_new/151_2.jpg,1,0
dataset/images_new/151_3.jpg,1,0
dataset/images_new/60_1.jpg,1,1
dataset/images_new/219_1.jpg,1,1
dataset/images_new/36_1.jpg,1,1
dataset/images_new/36_2.jpg,0,0
dataset/images_new/36_3.jpg,0,0
dataset/images_new/36_4.jpg,1,1
dataset/images_new/36_5.jpg,0,0
dataset/images_new/36_6.jpg,0,1
dataset/images_new/36_7.jpg,1,1
dataset/images_new/36_8.jpg,1,1
dataset/images_new/36_9.jpg,1,0
dataset/images_new/36_10.jpg,1,1
dataset/images_new/319_1.jpg,1,1
dataset/images_new/319_2.jpg,1,1
dataset/images_new/38_1.jpg,0,0
dataset/images_new/38_2.jpg,0,0
dataset/images_new/38_3.jpg,1,0
dataset/images_new/38_4.jpg,1,0
dataset/images_new/38_5.jpg,1,1
dataset/images_new/38_6.jpg,1,1
dataset/images_new/38_7.jpg,1,0
dataset/images_new/38_8.jpg,1,0
dataset/images_new/38_9.jpg,0,0
dataset/images_new/309_1.jpg,0,0
dataset/images_new/309_2.jpg,1,1
dataset/images_new/309_3.jpg,1,1
dataset/images_new/309_4.jpg,1,0
dataset/images_new/401_1.jpg,0,0
dataset/images_new/215_1.jpg,0,0
dataset/images_new/215_2.jpg,1,1
dataset/images_new/215_3.jpg,1,0
dataset/images_new/215_4.jpg,0,0
dataset/images_new/215_5.jpg,1,0
dataset/images_new/215_6.jpg,1,1
dataset/images_new/159_1.jpg,1,1
dataset/images_new/522_1.jpg,1,1
dataset/images_new/90_1.jpg,1,1
dataset/images_new/113_1.jpg,0,1
dataset/images_new/113_2.jpg,0,0
dataset/images_new/113_3.jpg,0,1
dataset/images_new/347_1.jpg,1,0
dataset/images_new/347_2.jpg,1,0
dataset/images_new/347_3.jpg,0,0
dataset/images_new/347_4.jpg,1,0
dataset/images_new/347_5.jpg,1,0
dataset/images_new/347_6.jpg,0,0
dataset/images_new/174_1.jpg,1,1
dataset/images_new/158_1.jpg,1,1
dataset/images_new/158_2.jpg,1,1
dataset/images_new/328_1.jpg,1,0
dataset/images_new/328_2.jpg,1,1
dataset/images_new/390_1.jpg,0,0
dataset/images_new/390_2.jpg,0,0
dataset/images_new/54_1.jpg,0,1
dataset/images_new/54_2.jpg,0,1
dataset/images_new/408_1.jpg,1,0
dataset/images_new/274_1.jpg,1,0
dataset/images_new/274_2.jpg,1,0
dataset/images_new/274_3.jpg,1,0
dataset/images_new/274_4.jpg,1,0
dataset/images_new/274_5.jpg,1,0
dataset/images_new/274_6.jpg,1,0
dataset/images_new/274_7.jpg,1,0
dataset/images_new/274_8.jpg,1,0
dataset/images_new/274_9.jpg,1,0
dataset/images_new/0_1.jpg,1,1
dataset/images_new/0_2.jpg,1,0
dataset/images_new/26_1.jpg,0,0
dataset/images_new/26_2.jpg,0,0
dataset/images_new/26_3.jpg,0,0
dataset/images_new/26_4.jpg,0,0
dataset/images_new/329_1.jpg,0,1
dataset/images_new/350_1.jpg,0,0
dataset/images_new/350_2.jpg,1,0
dataset/images_new/350_3.jpg,1,0
dataset/images_new/350_4.jpg,0,0
dataset/images_new/350_5.jpg,1,0
dataset/images_new/350_6.jpg,0,0
dataset/images_new/350_7.jpg,1,0
dataset/images_new/350_8.jpg,0,0
dataset/images_new/350_9.jpg,1,0
dataset/images_new/350_10.jpg,0,0
dataset/images_new/350_11.jpg,0,0
dataset/images_new/350_12.jpg,1,0
dataset/images_new/350_13.jpg,0,0
dataset/images_new/350_14.jpg,0,0
dataset/images_new/350_15.jpg,0,0
dataset/images_new/350_16.jpg,0,0
dataset/images_new/317_1.jpg,1,0
dataset/images_new/6_1.jpg,0,0
dataset/images_new/6_2.jpg,1,1
dataset/images_new/6_3.jpg,1,1
dataset/images_new/527_1.jpg,0,0
dataset/images_new/448_1.jpg,1,1
dataset/images_new/487_1.jpg,1,1
dataset/images_new/487_2.jpg,0,0
dataset/images_new/487_3.jpg,0,0
dataset/images_new/455_1.jpg,1,0
dataset/images_new/455_2.jpg,1,0
dataset/images_new/312_1.jpg,1,0
dataset/images_new/312_2.jpg,1,0
dataset/images_new/312_3.jpg,0,0
dataset/images_new/312_4.jpg,1,1
dataset/images_new/312_5.jpg,0,0
dataset/images_new/224_1.jpg,1,1
dataset/images_new/437_1.jpg,1,0
dataset/images_new/437_2.jpg,1,1
dataset/images_new/437_3.jpg,1,0
dataset/images_new/315_1.jpg,1,0
dataset/images_new/486_1.jpg,1,1
dataset/images_new/486_2.jpg,0,0
dataset/images_new/353_1.jpg,1,0
dataset/images_new/353_2.jpg,1,0
dataset/images_new/353_3.jpg,1,0
dataset/images_new/353_4.jpg,1,0
dataset/images_new/493_1.jpg,1,0
dataset/images_new/493_2.jpg,1,0
dataset/images_new/493_3.jpg,1,0
dataset/images_new/493_4.jpg,1,1
dataset/images_new/493_5.jpg,1,0
dataset/images_new/493_6.jpg,0,0
dataset/images_new/493_7.jpg,1,1
dataset/images_new/493_8.jpg,1,0
dataset/images_new/493_9.jpg,1,0
dataset/images_new/493_10.jpg,0,0
dataset/images_new/94_1.jpg,1,1
dataset/images_new/94_2.jpg,0,0
dataset/images_new/592_1.jpg,0,1
dataset/images_new/498_1.jpg,1,1
dataset/images_new/498_2.jpg,0,0
dataset/images_new/498_3.jpg,0,1
dataset/images_new/498_4.jpg,1,0
dataset/images_new/498_5.jpg,1,1
dataset/images_new/564_1.jpg,1,0
dataset/images_new/212_1.jpg,1,0
dataset/images_new/226_1.jpg,0,0
dataset/images_new/226_2.jpg,0,0
dataset/images_new/226_3.jpg,1,0
dataset/images_new/242_1.jpg,1,0
dataset/images_new/242_2.jpg,1,0
dataset/images_new/242_3.jpg,1,1
dataset/images_new/242_4.jpg,1,0
dataset/images_new/242_5.jpg,0,0
dataset/images_new/242_6.jpg,0,1
dataset/images_new/263_1.jpg,1,1
dataset/images_new/114_1.jpg,1,0
dataset/images_new/114_2.jpg,1,1
dataset/images_new/114_3.jpg,1,0
dataset/images_new/114_4.jpg,1,0
dataset/images_new/114_5.jpg,1,1
dataset/images_new/114_6.jpg,1,1
dataset/images_new/147_1.jpg,0,0
dataset/images_new/147_2.jpg,0,0
dataset/images_new/147_3.jpg,1,0
dataset/images_new/147_4.jpg,0,1
dataset/images_new/147_5.jpg,0,1
dataset/images_new/400_1.jpg,0,0
dataset/images_new/400_2.jpg,0,0
dataset/images_new/400_3.jpg,0,0
dataset/images_new/400_4.jpg,0,0
dataset/images_new/400_5.jpg,0,0
dataset/images_new/400_6.jpg,0,0
dataset/images_new/400_7.jpg,0,0
dataset/images_new/397_1.jpg,1,1
dataset/images_new/397_2.jpg,1,0
dataset/images_new/461_1.jpg,0,0
dataset/images_new/461_2.jpg,0,0
dataset/images_new/461_3.jpg,0,1
dataset/images_new/461_4.jpg,0,0
dataset/images_new/461_5.jpg,1,1
dataset/images_new/461_6.jpg,1,0
dataset/images_new/502_1.jpg,1,1
dataset/images_new/502_2.jpg,1,1
dataset/images_new/502_3.jpg,1,1
dataset/images_new/275_1.jpg,1,0
dataset/images_new/335_1.jpg,1,1
dataset/images_new/335_2.jpg,1,1
dataset/images_new/233_1.jpg,1,0
dataset/images_new/465_1.jpg,0,0
dataset/images_new/465_2.jpg,1,0
dataset/images_new/465_3.jpg,1,1
dataset/images_new/465_4.jpg,1,1
dataset/images_new/465_5.jpg,1,1
dataset/images_new/465_6.jpg,1,1
dataset/images_new/465_7.jpg,1,1
dataset/images_new/476_1.jpg,1,0
dataset/images_new/476_2.jpg,1,0
dataset/images_new/476_3.jpg,1,0
dataset/images_new/394_1.jpg,1,0
dataset/images_new/285_1.jpg,0,1
dataset/images_new/357_1.jpg,0,0
dataset/images_new/357_2.jpg,1,1
dataset/images_new/367_1.jpg,0,0
dataset/images_new/367_2.jpg,1,0
dataset/images_new/367_3.jpg,0,0
dataset/images_new/367_4.jpg,0,0
dataset/images_new/367_5.jpg,0,0
dataset/images_new/367_6.jpg,1,0
dataset/images_new/367_7.jpg,0,0
dataset/images_new/367_8.jpg,1,0
dataset/images_new/367_9.jpg,1,0
dataset/images_new/367_10.jpg,1,0
dataset/images_new/367_11.jpg,0,0
dataset/images_new/367_12.jpg,1,0
dataset/images_new/367_13.jpg,0,0
dataset/images_new/367_14.jpg,1,0
dataset/images_new/367_15.jpg,1,0
dataset/images_new/367_16.jpg,1,0
dataset/images_new/227_1.jpg,0,0
dataset/images_new/227_2.jpg,1,0
dataset/images_new/227_3.jpg,1,0
dataset/images_new/227_4.jpg,1,0
dataset/images_new/227_5.jpg,0,0
dataset/images_new/227_6.jpg,1,0
dataset/images_new/581_1.jpg,1,0
dataset/images_new/581_2.jpg,1,0
dataset/images_new/581_3.jpg,0,0
dataset/images_new/581_4.jpg,1,1
dataset/images_new/491_1.jpg,0,0
dataset/images_new/491_2.jpg,0,0
dataset/images_new/491_3.jpg,1,1
dataset/images_new/13_1.jpg,0,0
dataset/images_new/13_2.jpg,1,1
dataset/images_new/602_1.jpg,1,0
dataset/images_new/602_2.jpg,1,1
dataset/images_new/602_3.jpg,1,0
dataset/images_new/213_1.jpg,1,0
dataset/images_new/213_2.jpg,1,0
dataset/images_new/213_3.jpg,0,0
dataset/images_new/555_1.jpg,1,0
dataset/images_new/601_1.jpg,1,1
dataset/images_new/601_2.jpg,1,1
dataset/images_new/601_3.jpg,1,1
dataset/images_new/601_4.jpg,1,1
dataset/images_new/393_1.jpg,1,0
dataset/images_new/302_1.jpg,0,0
dataset/images_new/302_2.jpg,1,0
dataset/images_new/302_3.jpg,1,0
dataset/images_new/302_4.jpg,0,0
dataset/images_new/453_1.jpg,1,1
dataset/images_new/389_1.jpg,0,0
dataset/images_new/389_2.jpg,1,0
dataset/images_new/389_3.jpg,0,0
dataset/images_new/184_1.jpg,1,1
dataset/images_new/184_2.jpg,1,1
dataset/images_new/184_3.jpg,0,1
dataset/images_new/184_4.jpg,0,0
dataset/images_new/184_5.jpg,1,1
dataset/images_new/184_6.jpg,1,1
dataset/images_new/184_7.jpg,1,1
dataset/images_new/184_8.jpg,1,1
dataset/images_new/184_9.jpg,0,1
dataset/images_new/107_1.jpg,0,0
dataset/images_new/107_2.jpg,0,0
dataset/images_new/373_1.jpg,1,0
dataset/images_new/373_2.jpg,1,0
dataset/images_new/373_3.jpg,1,0
dataset/images_new/373_4.jpg,1,0
dataset/images_new/373_5.jpg,1,0
dataset/images_new/373_6.jpg,1,0
dataset/images_new/24_1.jpg,1,1
dataset/images_new/24_2.jpg,1,1
dataset/images_new/121_1.jpg,0,1
dataset/images_new/44_1.jpg,1,1
dataset/images_new/416_1.jpg,1,0
dataset/images_new/416_2.jpg,1,0
dataset/images_new/416_3.jpg,1,0
dataset/images_new/416_4.jpg,1,0
dataset/images_new/376_1.jpg,0,1
dataset/images_new/376_2.jpg,0,1
dataset/images_new/376_3.jpg,0,0
dataset/images_new/110_1.jpg,0,0
dataset/images_new/110_2.jpg,0,0
dataset/images_new/110_3.jpg,0,0
dataset/images_new/110_4.jpg,0,0
dataset/images_new/251_1.jpg,0,0
dataset/images_new/251_2.jpg,0,0
dataset/images_new/251_3.jpg,0,0
dataset/images_new/251_4.jpg,0,0
dataset/images_new/251_5.jpg,0,0
dataset/images_new/251_6.jpg,0,0
dataset/images_new/251_7.jpg,0,0
dataset/images_new/251_8.jpg,0,0
dataset/images_new/251_9.jpg,0,0
dataset/images_new/251_10.jpg,0,0
dataset/images_new/251_11.jpg,0,0
dataset/images_new/118_1.jpg,1,0
dataset/images_new/118_2.jpg,1,1
dataset/images_new/485_1.jpg,1,0
dataset/images_new/485_2.jpg,0,0
dataset/images_new/485_3.jpg,0,0
dataset/images_new/485_4.jpg,1,0
dataset/images_new/485_5.jpg,1,0
dataset/images_new/485_6.jpg,1,0
dataset/images_new/485_7.jpg,1,0
dataset/images_new/485_8.jpg,0,0
dataset/images_new/485_9.jpg,1,1
dataset/images_new/485_10.jpg,1,0
dataset/images_new/485_11.jpg,0,0
dataset/images_new/485_12.jpg,0,0
dataset/images_new/485_13.jpg,1,0
dataset/images_new/485_14.jpg,1,0
dataset/images_new/371_1.jpg,1,1
dataset/images_new/216_1.jpg,0,1
dataset/images_new/582_1.jpg,0,0
dataset/images_new/356_1.jpg,0,1
dataset/images_new/356_2.jpg,0,1
dataset/images_new/383_1.jpg,1,0
dataset/images_new/383_2.jpg,1,0
dataset/images_new/383_3.jpg,1,0
dataset/images_new/383_4.jpg,1,0
dataset/images_new/383_5.jpg,1,0
dataset/images_new/383_6.jpg,1,0
dataset/images_new/383_7.jpg,1,0
dataset/images_new/383_8.jpg,1,0
dataset/images_new/383_9.jpg,1,0
dataset/images_new/383_10.jpg,1,0
dataset/images_new/383_11.jpg,0,0
dataset/images_new/383_12.jpg,0,0
dataset/images_new/383_13.jpg,1,0
dataset/images_new/383_14.jpg,1,1
dataset/images_new/272_1.jpg,0,0
dataset/images_new/272_2.jpg,1,1
dataset/images_new/272_3.jpg,1,0
dataset/images_new/272_4.jpg,1,0
dataset/images_new/188_1.jpg,0,1
dataset/images_new/143_1.jpg,1,0
dataset/images_new/281_1.jpg,1,0
dataset/images_new/281_2.jpg,1,1
dataset/images_new/281_3.jpg,1,0
dataset/images_new/281_4.jpg,1,0
dataset/images_new/281_5.jpg,0,0
dataset/images_new/281_6.jpg,1,0
dataset/images_new/281_7.jpg,1,0
dataset/images_new/293_1.jpg,1,0
dataset/images_new/293_2.jpg,1,1
dataset/images_new/293_3.jpg,1,0
dataset/images_new/293_4.jpg,1,0
dataset/images_new/293_5.jpg,1,1
dataset/images_new/293_6.jpg,1,0
dataset/images_new/340_1.jpg,0,1
dataset/images_new/340_2.jpg,1,0
dataset/images_new/340_3.jpg,1,0
dataset/images_new/589_1.jpg,0,0
dataset/images_new/150_1.jpg,1,0
dataset/images_new/150_2.jpg,0,0
dataset/images_new/237_1.jpg,0,0
dataset/images_new/303_1.jpg,1,1
dataset/images_new/169_1.jpg,1,0
dataset/images_new/169_2.jpg,1,0
dataset/images_new/169_3.jpg,1,0
dataset/images_new/169_4.jpg,0,0
dataset/images_new/169_5.jpg,0,0
dataset/images_new/169_6.jpg,1,0
dataset/images_new/169_7.jpg,1,0
dataset/images_new/169_8.jpg,1,0
dataset/images_new/169_9.jpg,1,0
dataset/images_new/301_1.jpg,0,1
dataset/images_new/301_2.jpg,1,0
dataset/images_new/301_3.jpg,1,0
dataset/images_new/45_1.jpg,1,1
dataset/images_new/45_2.jpg,1,1
dataset/images_new/45_3.jpg,1,1
dataset/images_new/322_1.jpg,1,0
dataset/images_new/322_2.jpg,0,0
dataset/images_new/322_3.jpg,1,1
dataset/images_new/322_4.jpg,1,0
dataset/images_new/322_5.jpg,1,0
dataset/images_new/322_6.jpg,1,0
dataset/images_new/282_1.jpg,0,1
dataset/images_new/282_2.jpg,0,0
dataset/images_new/282_3.jpg,0,0
dataset/images_new/282_4.jpg,0,1
dataset/images_new/282_5.jpg,0,0
dataset/images_new/282_6.jpg,0,0
dataset/images_new/129_1.jpg,0,1
dataset/images_new/129_2.jpg,0,0
dataset/images_new/129_3.jpg,0,0
dataset/images_new/129_4.jpg,0,0
dataset/images_new/129_5.jpg,1,0
dataset/images_new/129_6.jpg,0,0
dataset/images_new/129_7.jpg,0,0
dataset/images_new/321_1.jpg,1,0
dataset/images_new/321_2.jpg,1,1
dataset/images_new/321_3.jpg,1,1
dataset/images_new/277_1.jpg,1,0
dataset/images_new/284_1.jpg,0,0
dataset/images_new/472_1.jpg,0,1
dataset/images_new/82_1.jpg,0,1
dataset/images_new/82_2.jpg,0,1
dataset/images_new/82_3.jpg,0,1
dataset/images_new/479_1.jpg,1,0
dataset/images_new/517_1.jpg,1,1
dataset/images_new/517_2.jpg,1,1
dataset/images_new/517_3.jpg,0,0
dataset/images_new/202_1.jpg,1,0
dataset/images_new/202_2.jpg,1,0
dataset/images_new/512_1.jpg,1,0
dataset/images_new/259_1.jpg,1,1
dataset/images_new/463_1.jpg,0,1
dataset/images_new/428_1.jpg,1,0
dataset/images_new/428_2.jpg,1,0
dataset/images_new/428_3.jpg,0,0
dataset/images_new/428_4.jpg,0,0
dataset/images_new/428_5.jpg,0,0
dataset/images_new/428_6.jpg,0,0
dataset/images_new/428_7.jpg,1,0
dataset/images_new/428_8.jpg,1,0
dataset/images_new/428_9.jpg,1,0
dataset/images_new/428_10.jpg,1,0
dataset/images_new/428_11.jpg,1,0
dataset/images_new/366_1.jpg,1,0
dataset/images_new/108_1.jpg,1,1
dataset/images_new/108_2.jpg,0,0
dataset/images_new/108_3.jpg,1,0
dataset/images_new/108_4.jpg,1,1
dataset/images_new/108_5.jpg,1,1
dataset/images_new/447_1.jpg,0,1
dataset/images_new/447_2.jpg,0,1
dataset/images_new/447_3.jpg,1,1
dataset/images_new/103_1.jpg,1,0
dataset/images_new/103_2.jpg,1,1
dataset/images_new/103_3.jpg,1,0
dataset/images_new/46_1.jpg,1,1
dataset/images_new/46_2.jpg,1,1
dataset/images_new/46_3.jpg,1,0
dataset/images_new/46_4.jpg,1,1
dataset/images_new/46_5.jpg,1,1
dataset/images_new/325_1.jpg,1,1
dataset/images_new/325_2.jpg,1,0
dataset/images_new/325_3.jpg,0,0
dataset/images_new/325_4.jpg,1,0
dataset/images_new/325_5.jpg,1,0
dataset/images_new/325_6.jpg,1,0
dataset/images_new/325_7.jpg,1,0
dataset/images_new/499_1.jpg,1,0
dataset/images_new/499_2.jpg,1,1
dataset/images_new/499_3.jpg,1,0
dataset/images_new/499_4.jpg,1,0
dataset/images_new/575_1.jpg,0,1
dataset/images_new/575_2.jpg,0,0
dataset/images_new/452_1.jpg,1,0
dataset/images_new/117_1.jpg,1,0
dataset/images_new/117_2.jpg,1,0
dataset/images_new/117_3.jpg,1,0
dataset/images_new/117_4.jpg,1,0
dataset/images_new/462_1.jpg,1,0
dataset/images_new/462_2.jpg,0,0
dataset/images_new/438_1.jpg,0,1
dataset/images_new/438_2.jpg,1,1
dataset/images_new/438_3.jpg,1,0
dataset/images_new/438_4.jpg,1,0
dataset/images_new/324_1.jpg,1,0
dataset/images_new/324_2.jpg,0,0
dataset/images_new/439_1.jpg,0,0
dataset/images_new/439_2.jpg,0,0
dataset/images_new/439_3.jpg,0,0
dataset/images_new/445_1.jpg,1,0
dataset/images_new/445_2.jpg,1,0
dataset/images_new/445_3.jpg,1,0
dataset/images_new/445_4.jpg,1,0
dataset/images_new/445_5.jpg,1,0
dataset/images_new/552_1.jpg,1,1
dataset/images_new/552_2.jpg,0,0
dataset/images_new/552_3.jpg,1,0
dataset/images_new/552_4.jpg,1,0
dataset/images_new/552_5.jpg,0,0
dataset/images_new/565_1.jpg,1,0
dataset/images_new/565_2.jpg,1,1
dataset/images_new/565_3.jpg,1,0
dataset/images_new/565_4.jpg,0,0
dataset/images_new/565_5.jpg,0,0
dataset/images_new/139_1.jpg,1,0
dataset/images_new/139_2.jpg,1,0
dataset/images_new/139_3.jpg,0,0
dataset/images_new/139_4.jpg,1,0
dataset/images_new/139_5.jpg,1,0
dataset/images_new/139_6.jpg,1,0
dataset/images_new/306_1.jpg,1,0
dataset/images_new/306_2.jpg,0,0
dataset/images_new/306_3.jpg,1,0
dataset/images_new/306_4.jpg,1,0
dataset/images_new/306_5.jpg,1,0
dataset/images_new/306_6.jpg,0,0
dataset/images_new/306_7.jpg,0,0
dataset/images_new/306_8.jpg,0,0
dataset/images_new/492_1.jpg,0,0
dataset/images_new/492_2.jpg,0,1
dataset/images_new/492_3.jpg,0,0
dataset/images_new/405_1.jpg,1,0
dataset/images_new/405_2.jpg,0,0
dataset/images_new/405_3.jpg,1,1
dataset/images_new/405_4.jpg,1,1
dataset/images_new/541_1.jpg,0,0
dataset/images_new/541_2.jpg,1,1
dataset/images_new/541_3.jpg,0,0
dataset/images_new/22_1.jpg,1,1
dataset/images_new/22_2.jpg,1,1
dataset/images_new/22_3.jpg,1,0
dataset/images_new/490_1.jpg,1,0
dataset/images_new/490_2.jpg,1,1
dataset/images_new/490_3.jpg,1,1
dataset/images_new/490_4.jpg,1,0
dataset/images_new/490_5.jpg,1,1
dataset/images_new/490_6.jpg,0,0
dataset/images_new/490_7.jpg,1,1
dataset/images_new/355_1.jpg,0,1
dataset/images_new/544_1.jpg,1,1
dataset/images_new/544_2.jpg,1,0
dataset/images_new/544_3.jpg,1,0
dataset/images_new/544_4.jpg,1,0
dataset/images_new/544_5.jpg,1,0
dataset/images_new/544_6.jpg,1,0
dataset/images_new/331_1.jpg,1,0
dataset/images_new/331_2.jpg,0,0
dataset/images_new/331_3.jpg,0,0
dataset/images_new/331_4.jpg,0,0
dataset/images_new/331_5.jpg,0,0
dataset/images_new/331_6.jpg,0,0
dataset/images_new/331_7.jpg,1,0
dataset/images_new/331_8.jpg,1,0
dataset/images_new/331_9.jpg,0,0
dataset/images_new/424_1.jpg,1,0
dataset/images_new/424_2.jpg,1,0
dataset/images_new/424_3.jpg,1,1
dataset/images_new/475_1.jpg,1,1
dataset/images_new/217_1.jpg,0,0
dataset/images_new/217_2.jpg,0,0
dataset/images_new/466_1.jpg,1,1
dataset/images_new/466_2.jpg,1,1
dataset/images_new/466_3.jpg,1,1
dataset/images_new/92_1.jpg,1,1
dataset/images_new/365_1.jpg,0,0
dataset/images_new/365_2.jpg,0,0
dataset/images_new/238_1.jpg,0,0
dataset/images_new/607_1.jpg,1,0
dataset/images_new/307_1.jpg,1,0
dataset/images_new/333_1.jpg,1,0
dataset/images_new/333_2.jpg,1,0
dataset/images_new/333_3.jpg,1,0
dataset/images_new/333_4.jpg,0,0
dataset/images_new/333_5.jpg,1,0
dataset/images_new/333_6.jpg,1,0
dataset/images_new/333_7.jpg,1,0
dataset/images_new/333_8.jpg,1,0
dataset/images_new/333_9.jpg,1,0
dataset/images_new/333_10.jpg,1,0
dataset/images_new/509_1.jpg,1,0
dataset/images_new/543_1.jpg,1,0
dataset/images_new/543_2.jpg,1,0
dataset/images_new/543_3.jpg,0,1
dataset/images_new/543_4.jpg,1,0
dataset/images_new/358_1.jpg,1,1
dataset/images_new/358_2.jpg,1,0
dataset/images_new/358_3.jpg,1,0
dataset/images_new/358_4.jpg,1,1
dataset/images_new/358_5.jpg,1,0
dataset/images_new/35_1.jpg,0,1
dataset/images_new/566_1.jpg,1,1
dataset/images_new/566_2.jpg,1,0
dataset/images_new/234_1.jpg,1,0
dataset/images_new/234_2.jpg,1,1
dataset/images_new/380_1.jpg,0,1
dataset/images_new/380_2.jpg,1,0
dataset/images_new/84_1.jpg,0,0
dataset/images_new/84_2.jpg,0,1
dataset/images_new/84_3.jpg,0,1
dataset/images_new/84_4.jpg,0,1
dataset/images_new/148_1.jpg,0,1
dataset/images_new/148_2.jpg,0,1
dataset/images_new/148_3.jpg,0,0
dataset/images_new/2_1.jpg,1,0
dataset/images_new/2_2.jpg,1,0
dataset/images_new/2_3.jpg,0,0
dataset/images_new/2_4.jpg,0,0
dataset/images_new/2_5.jpg,1,0
dataset/images_new/2_6.jpg,1,0
dataset/images_new/2_7.jpg,0,0
dataset/images_new/2_8.jpg,1,1
dataset/images_new/2_9.jpg,1,0
dataset/images_new/2_10.jpg,1,1
dataset/images_new/2_11.jpg,1,0
dataset/images_new/2_12.jpg,1,0
dataset/images_new/2_13.jpg,1,0
dataset/images_new/2_14.jpg,1,0
dataset/images_new/229_1.jpg,1,0
dataset/images_new/229_2.jpg,1,0
dataset/images_new/247_1.jpg,1,0
dataset/images_new/247_2.jpg,1,1
dataset/images_new/247_3.jpg,1,0
dataset/images_new/561_1.jpg,0,0
dataset/images_new/561_2.jpg,1,0
dataset/images_new/561_3.jpg,0,0
dataset/images_new/561_4.jpg,1,1
dataset/images_new/433_1.jpg,0,0
dataset/images_new/433_2.jpg,0,0
dataset/images_new/433_3.jpg,0,0
dataset/images_new/433_4.jpg,0,0
dataset/images_new/433_5.jpg,0,0
dataset/images_new/433_6.jpg,0,0
dataset/images_new/244_1.jpg,1,1
dataset/images_new/244_2.jpg,1,1
dataset/images_new/244_3.jpg,1,1
dataset/images_new/124_1.jpg,0,0
dataset/images_new/124_2.jpg,1,0
dataset/images_new/124_3.jpg,1,0
dataset/images_new/124_4.jpg,0,0
dataset/images_new/124_5.jpg,0,0
dataset/images_new/124_6.jpg,0,0
dataset/images_new/548_1.jpg,1,0
dataset/images_new/548_2.jpg,1,0
dataset/images_new/548_3.jpg,1,0
dataset/images_new/33_1.jpg,1,0
dataset/images_new/77_1.jpg,1,1
dataset/images_new/442_1.jpg,0,0
dataset/images_new/442_2.jpg,1,1
dataset/images_new/442_3.jpg,0,0
dataset/images_new/442_4.jpg,0,0
dataset/images_new/442_5.jpg,1,0
dataset/images_new/442_6.jpg,1,0
dataset/images_new/457_1.jpg,1,0
dataset/images_new/457_2.jpg,1,0
dataset/images_new/457_3.jpg,1,0
dataset/images_new/457_4.jpg,1,0
dataset/images_new/457_5.jpg,1,0
dataset/images_new/457_6.jpg,1,0
dataset/images_new/457_7.jpg,1,0
dataset/images_new/457_8.jpg,1,0
dataset/images_new/457_9.jpg,1,0
dataset/images_new/457_10.jpg,0,0
dataset/images_new/457_11.jpg,1,0
dataset/images_new/457_12.jpg,1,0
dataset/images_new/457_13.jpg,1,0
dataset/images_new/579_1.jpg,1,1
dataset/images_new/179_1.jpg,1,0
dataset/images_new/179_2.jpg,1,0
dataset/images_new/179_3.jpg,1,0
dataset/images_new/179_4.jpg,1,0
dataset/images_new/179_5.jpg,1,0
dataset/images_new/183_1.jpg,1,0
dataset/images_new/183_2.jpg,0,0
dataset/images_new/183_3.jpg,1,1
dataset/images_new/183_4.jpg,0,0
dataset/images_new/157_1.jpg,1,0
dataset/images_new/157_2.jpg,0,1
dataset/images_new/157_3.jpg,1,0
dataset/images_new/157_4.jpg,1,0
dataset/images_new/157_5.jpg,0,1
dataset/images_new/510_1.jpg,1,0
dataset/images_new/510_2.jpg,1,0
dataset/images_new/510_3.jpg,1,0
dataset/images_new/132_1.jpg,1,0
dataset/images_new/132_2.jpg,1,0
dataset/images_new/4_1.jpg,1,0
dataset/images_new/4_2.jpg,1,0
dataset/images_new/4_3.jpg,0,0
dataset/images_new/4_4.jpg,1,1
dataset/images_new/4_5.jpg,1,0
dataset/images_new/4_6.jpg,1,0
dataset/images_new/9_1.jpg,1,1
dataset/images_new/280_1.jpg,0,1
dataset/images_new/280_2.jpg,1,1
dataset/images_new/511_1.jpg,0,0
dataset/images_new/511_2.jpg,0,0
dataset/images_new/460_1.jpg,1,0
dataset/images_new/460_2.jpg,1,0
dataset/images_new/460_3.jpg,1,0
dataset/images_new/460_4.jpg,1,0
dataset/images_new/125_1.jpg,0,0
dataset/images_new/125_2.jpg,0,0
dataset/images_new/125_3.jpg,0,0
dataset/images_new/125_4.jpg,1,1
dataset/images_new/125_5.jpg,1,1
dataset/images_new/125_6.jpg,1,1
dataset/images_new/112_1.jpg,1,0
dataset/images_new/267_1.jpg,1,0
dataset/images_new/267_2.jpg,1,0
dataset/images_new/267_3.jpg,0,0
dataset/images_new/563_1.jpg,1,1
dataset/images_new/563_2.jpg,1,1
dataset/images_new/363_1.jpg,1,0
dataset/images_new/363_2.jpg,1,0
dataset/images_new/363_3.jpg,1,0
dataset/images_new/363_4.jpg,0,0
dataset/images_new/363_5.jpg,0,0
dataset/images_new/363_6.jpg,1,0
dataset/images_new/363_7.jpg,1,0
dataset/images_new/363_8.jpg,1,0
dataset/images_new/130_1.jpg,0,0
dataset/images_new/269_1.jpg,0,0
dataset/images_new/269_2.jpg,0,0
dataset/images_new/269_3.jpg,0,0
dataset/images_new/269_4.jpg,0,0
dataset/images_new/269_5.jpg,0,0
dataset/images_new/269_6.jpg,0,0
dataset/images_new/269_7.jpg,0,0
dataset/images_new/269_8.jpg,0,0
dataset/images_new/269_9.jpg,0,0
dataset/images_new/56_1.jpg,1,0
dataset/images_new/56_2.jpg,1,1
dataset/images_new/56_3.jpg,1,0
dataset/images_new/56_4.jpg,1,1
dataset/images_new/388_1.jpg,1,0
dataset/images_new/407_1.jpg,1,1
dataset/images_new/50_1.jpg,1,1
dataset/images_new/50_2.jpg,1,1
dataset/images_new/50_3.jpg,1,0
dataset/images_new/429_1.jpg,0,0
dataset/images_new/429_2.jpg,0,1
dataset/images_new/451_1.jpg,1,0
dataset/images_new/451_2.jpg,1,0
dataset/images_new/451_3.jpg,1,1
dataset/images_new/451_4.jpg,0,0
dataset/images_new/149_1.jpg,1,0
dataset/images_new/187_1.jpg,1,1
dataset/images_new/187_2.jpg,0,0
dataset/images_new/187_3.jpg,0,0
dataset/images_new/225_1.jpg,0,0
dataset/images_new/27_1.jpg,0,0
dataset/images_new/348_1.jpg,1,0
dataset/images_new/576_1.jpg,0,1
dataset/images_new/576_2.jpg,0,1
dataset/images_new/576_3.jpg,0,1
dataset/images_new/576_4.jpg,0,1
dataset/images_new/576_5.jpg,0,1
dataset/images_new/576_6.jpg,0,1
dataset/images_new/265_1.jpg,0,1
dataset/images_new/265_2.jpg,1,0
dataset/images_new/265_3.jpg,0,1
dataset/images_new/105_1.jpg,1,1
dataset/images_new/126_1.jpg,1,1
dataset/images_new/538_1.jpg,0,0
dataset/images_new/538_2.jpg,0,0
dataset/images_new/538_3.jpg,1,1
dataset/images_new/381_1.jpg,1,1
dataset/images_new/182_1.jpg,0,0
dataset/images_new/182_2.jpg,0,0
dataset/images_new/182_3.jpg,1,0
dataset/images_new/182_4.jpg,1,0
dataset/images_new/562_1.jpg,0,0
dataset/images_new/562_2.jpg,1,1
dataset/images_new/562_3.jpg,1,1
dataset/images_new/562_4.jpg,1,1
dataset/images_new/562_5.jpg,0,0
dataset/images_new/562_6.jpg,0,0
dataset/images_new/562_7.jpg,1,0
dataset/images_new/562_8.jpg,1,0
dataset/images_new/562_9.jpg,1,0
dataset/images_new/562_10.jpg,1,0
dataset/images_new/297_1.jpg,0,1
dataset/images_new/297_2.jpg,1,1
dataset/images_new/468_1.jpg,1,0
dataset/images_new/468_2.jpg,1,1
dataset/images_new/243_1.jpg,1,0
dataset/images_new/243_2.jpg,1,0
dataset/images_new/243_3.jpg,1,0
dataset/images_new/243_4.jpg,1,1
dataset/images_new/243_5.jpg,1,0
dataset/images_new/23_1.jpg,1,0
dataset/images_new/115_1.jpg,1,0
dataset/images_new/115_2.jpg,1,0
dataset/images_new/115_3.jpg,1,0
dataset/images_new/257_1.jpg,1,0
dataset/images_new/231_1.jpg,1,0
dataset/images_new/231_2.jpg,0,0
dataset/images_new/43_1.jpg,1,1
dataset/images_new/43_2.jpg,0,1
dataset/images_new/43_3.jpg,0,0
dataset/images_new/43_4.jpg,0,1
dataset/images_new/525_1.jpg,0,0
dataset/images_new/525_2.jpg,1,1
dataset/images_new/525_3.jpg,0,0
dataset/images_new/296_1.jpg,0,0
dataset/images_new/296_2.jpg,1,0
dataset/images_new/296_3.jpg,1,1
dataset/images_new/296_4.jpg,1,1
dataset/images_new/296_5.jpg,0,0
dataset/images_new/266_1.jpg,0,0
dataset/images_new/266_2.jpg,1,0
dataset/images_new/266_3.jpg,1,0
dataset/images_new/266_4.jpg,1,0
dataset/images_new/266_5.jpg,1,0
dataset/images_new/426_1.jpg,1,0
dataset/images_new/426_2.jpg,1,0
dataset/images_new/426_3.jpg,1,0
dataset/images_new/426_4.jpg,1,0
dataset/images_new/426_5.jpg,1,0
dataset/images_new/138_1.jpg,0,0
dataset/images_new/138_2.jpg,0,0
dataset/images_new/138_3.jpg,1,0
dataset/images_new/138_4.jpg,1,0
dataset/images_new/138_5.jpg,0,0
dataset/images_new/138_6.jpg,1,1
dataset/images_new/138_7.jpg,0,0
dataset/images_new/133_1.jpg,0,0
dataset/images_new/133_2.jpg,1,0
dataset/images_new/133_3.jpg,1,1
dataset/images_new/133_4.jpg,1,0
dataset/images_new/314_1.jpg,1,0
dataset/images_new/314_2.jpg,1,0
dataset/images_new/314_3.jpg,1,0
dataset/images_new/314_4.jpg,1,0
dataset/images_new/314_5.jpg,1,0
dataset/images_new/314_6.jpg,1,0
dataset/images_new/314_7.jpg,1,0
dataset/images_new/314_8.jpg,1,0
dataset/images_new/28_1.jpg,1,1
dataset/images_new/28_2.jpg,1,0
dataset/images_new/28_3.jpg,1,1
dataset/images_new/603_1.jpg,1,0
dataset/images_new/596_1.jpg,0,0
dataset/images_new/596_2.jpg,1,1
dataset/images_new/596_3.jpg,0,1
dataset/images_new/52_1.jpg,0,0
dataset/images_new/481_1.jpg,1,0
dataset/images_new/481_2.jpg,1,0
dataset/images_new/305_1.jpg,0,0
dataset/images_new/305_2.jpg,0,0
dataset/images_new/305_3.jpg,1,0
dataset/images_new/318_1.jpg,1,0
dataset/images_new/318_2.jpg,1,0
dataset/images_new/318_3.jpg,1,0
dataset/images_new/136_1.jpg,1,0
dataset/images_new/136_2.jpg,1,0
dataset/images_new/573_1.jpg,0,0
dataset/images_new/573_2.jpg,1,1
dataset/images_new/573_3.jpg,1,0
dataset/images_new/573_4.jpg,1,0
dataset/images_new/260_1.jpg,1,0
dataset/images_new/260_2.jpg,1,0
dataset/images_new/258_1.jpg,0,0
dataset/images_new/258_2.jpg,0,0
dataset/images_new/258_3.jpg,0,0
dataset/images_new/258_4.jpg,1,0
dataset/images_new/258_5.jpg,0,0
dataset/images_new/258_6.jpg,0,0
dataset/images_new/258_7.jpg,0,0
dataset/images_new/568_1.jpg,1,0
dataset/images_new/273_1.jpg,1,1
dataset/images_new/449_1.jpg,0,0
dataset/images_new/449_2.jpg,0,0
dataset/images_new/449_3.jpg,0,0
dataset/images_new/449_4.jpg,0,0
dataset/images_new/449_5.jpg,0,0
dataset/images_new/449_6.jpg,1,0
dataset/images_new/449_7.jpg,1,0
dataset/images_new/449_8.jpg,1,0
dataset/images_new/550_1.jpg,1,1
dataset/images_new/550_2.jpg,1,1
dataset/images_new/608_1.jpg,1,1
dataset/images_new/104_1.jpg,1,1
dataset/images_new/104_2.jpg,0,0
dataset/images_new/104_3.jpg,1,1
dataset/images_new/521_1.jpg,1,0
dataset/images_new/521_2.jpg,1,0
dataset/images_new/521_3.jpg,0,1
dataset/images_new/521_4.jpg,1,1
dataset/images_new/521_5.jpg,1,0
dataset/images_new/521_6.jpg,1,0
dataset/images_new/521_7.jpg,1,0
dataset/images_new/521_8.jpg,1,1
dataset/images_new/521_9.jpg,1,0
dataset/images_new/521_10.jpg,1,0
dataset/images_new/211_1.jpg,1,0
dataset/images_new/372_1.jpg,0,0
dataset/images_new/368_1.jpg,1,0
dataset/images_new/368_2.jpg,1,0
dataset/images_new/368_3.jpg,1,0
dataset/images_new/368_4.jpg,1,0
dataset/images_new/368_5.jpg,1,0
dataset/images_new/368_6.jpg,1,0
dataset/images_new/368_7.jpg,1,0
dataset/images_new/368_8.jpg,1,1
dataset/images_new/156_1.jpg,1,0
dataset/images_new/156_2.jpg,1,0
dataset/images_new/156_3.jpg,1,0
dataset/images_new/156_4.jpg,1,0
dataset/images_new/156_5.jpg,1,0
dataset/images_new/156_6.jpg,0,0
dataset/images_new/346_1.jpg,1,0
dataset/images_new/346_2.jpg,1,0
dataset/images_new/346_3.jpg,0,0
dataset/images_new/346_4.jpg,1,0
dataset/images_new/346_5.jpg,1,0
dataset/images_new/146_1.jpg,0,1
dataset/images_new/518_1.jpg,1,1
dataset/images_new/539_1.jpg,1,1
dataset/images_new/539_2.jpg,0,0
dataset/images_new/30_1.jpg,1,1
dataset/images_new/558_1.jpg,0,1
dataset/images_new/41_1.jpg,0,1
dataset/images_new/207_1.jpg,1,0
dataset/images_new/248_1.jpg,1,0
dataset/images_new/248_2.jpg,1,1
dataset/images_new/308_1.jpg,0,0
dataset/images_new/338_1.jpg,1,0
dataset/images_new/338_2.jpg,1,0
dataset/images_new/338_3.jpg,1,0
dataset/images_new/338_4.jpg,1,0
dataset/images_new/605_1.jpg,0,1
dataset/images_new/337_1.jpg,1,1
dataset/images_new/547_1.jpg,0,0
dataset/images_new/547_2.jpg,1,0
dataset/images_new/547_3.jpg,0,0
dataset/images_new/547_4.jpg,0,0
dataset/images_new/547_5.jpg,1,1
dataset/images_new/547_6.jpg,1,1
dataset/images_new/547_7.jpg,1,0
dataset/images_new/547_8.jpg,1,0
dataset/images_new/547_9.jpg,1,1
dataset/images_new/176_1.jpg,1,1
dataset/images_new/176_2.jpg,1,0
dataset/images_new/176_3.jpg,1,0
dataset/images_new/176_4.jpg,1,0
dataset/images_new/176_5.jpg,0,0
dataset/images_new/176_6.jpg,1,0
dataset/images_new/176_7.jpg,1,1
dataset/images_new/176_8.jpg,1,1
dataset/images_new/176_9.jpg,1,0
dataset/images_new/176_10.jpg,1,0
dataset/images_new/176_11.jpg,1,0
dataset/images_new/116_1.jpg,1,0
dataset/images_new/116_2.jpg,1,1
dataset/images_new/37_1.jpg,1,1
dataset/images_new/450_1.jpg,1,0
dataset/images_new/450_2.jpg,1,1
dataset/images_new/559_1.jpg,1,1
dataset/images_new/236_1.jpg,1,0
dataset/images_new/236_2.jpg,1,0
dataset/images_new/236_3.jpg,1,0
dataset/images_new/236_4.jpg,0,0
dataset/images_new/336_1.jpg,0,1
dataset/images_new/336_2.jpg,0,1
dataset/images_new/336_3.jpg,0,1
dataset/images_new/336_4.jpg,0,1
dataset/images_new/204_1.jpg,1,0
dataset/images_new/204_2.jpg,1,0
dataset/images_new/204_3.jpg,1,1
dataset/images_new/204_4.jpg,1,1
dataset/images_new/204_5.jpg,1,0
dataset/images_new/204_6.jpg,1,1
dataset/images_new/137_1.jpg,0,0
dataset/images_new/137_2.jpg,0,0
dataset/images_new/137_3.jpg,0,0
dataset/images_new/191_1.jpg,0,1
dataset/images_new/191_2.jpg,1,0
dataset/images_new/191_3.jpg,1,1
dataset/images_new/191_4.jpg,1,1
dataset/images_new/191_5.jpg,1,1
dataset/images_new/191_6.jpg,1,0
dataset/images_new/191_7.jpg,1,1
dataset/images_new/191_8.jpg,1,1
dataset/images_new/191_9.jpg,1,1
dataset/images_new/191_10.jpg,0,1
dataset/images_new/191_11.jpg,0,1
dataset/images_new/191_12.jpg,0,1
dataset/images_new/417_1.jpg,0,0
dataset/images_new/417_2.jpg,0,0
dataset/images_new/417_3.jpg,1,0
dataset/images_new/417_4.jpg,0,0
dataset/images_new/417_5.jpg,0,0
dataset/images_new/417_6.jpg,1,0
dataset/images_new/417_7.jpg,1,0
dataset/images_new/417_8.jpg,1,0
dataset/images_new/417_9.jpg,1,0
dataset/images_new/175_1.jpg,0,0
dataset/images_new/175_2.jpg,0,0
dataset/images_new/175_3.jpg,0,0
dataset/images_new/175_4.jpg,0,0
dataset/images_new/21_1.jpg,1,1
dataset/images_new/21_2.jpg,1,1
dataset/images_new/21_3.jpg,1,1
dataset/images_new/21_4.jpg,1,1
dataset/images_new/218_1.jpg,1,0
dataset/images_new/311_1.jpg,1,0
dataset/images_new/311_2.jpg,0,0
dataset/images_new/271_1.jpg,0,0
dataset/images_new/271_2.jpg,1,1
dataset/images_new/271_3.jpg,0,0
dataset/images_new/489_1.jpg,1,0
dataset/images_new/145_1.jpg,0,1
dataset/images_new/145_2.jpg,0,0
dataset/images_new/145_3.jpg,0,1
dataset/images_new/127_1.jpg,0,0
dataset/images_new/123_1.jpg,0,0
dataset/images_new/123_2.jpg,1,0
dataset/images_new/123_3.jpg,1,0
dataset/images_new/123_4.jpg,0,0
dataset/images_new/123_5.jpg,1,0
dataset/images_new/123_6.jpg,0,0
dataset/images_new/123_7.jpg,1,1
dataset/images_new/123_8.jpg,0,0
dataset/images_new/535_1.jpg,1,1
dataset/images_new/535_2.jpg,1,1
dataset/images_new/535_3.jpg,0,0
dataset/images_new/153_1.jpg,0,0
dataset/images_new/153_2.jpg,1,0
dataset/images_new/153_3.jpg,1,0
dataset/images_new/435_1.jpg,1,1
dataset/images_new/446_1.jpg,1,0
dataset/images_new/446_2.jpg,0,0
dataset/images_new/446_3.jpg,0,0
dataset/images_new/446_4.jpg,0,0
dataset/images_new/206_1.jpg,1,0
dataset/images_new/206_2.jpg,1,0
dataset/images_new/206_3.jpg,1,0
dataset/images_new/206_4.jpg,1,0
dataset/images_new/206_5.jpg,1,0
dataset/images_new/206_6.jpg,1,0
dataset/images_new/250_1.jpg,0,0
dataset/images_new/250_2.jpg,1,0
dataset/images_new/250_3.jpg,1,0
dataset/images_new/250_4.jpg,0,0
dataset/images_new/250_5.jpg,1,0
dataset/images_new/577_1.jpg,1,0
dataset/images_new/220_1.jpg,0,0
dataset/images_new/220_2.jpg,1,0
dataset/images_new/220_3.jpg,1,1
dataset/images_new/246_1.jpg,0,0
dataset/images_new/584_1.jpg,1,0
dataset/images_new/584_2.jpg,0,0
dataset/images_new/584_3.jpg,1,1
dataset/images_new/323_1.jpg,1,1
dataset/images_new/323_2.jpg,1,1
dataset/images_new/323_3.jpg,1,1
dataset/images_new/323_4.jpg,1,0
dataset/images_new/323_5.jpg,1,1
dataset/images_new/443_1.jpg,1,0
dataset/images_new/443_2.jpg,0,0
dataset/images_new/443_3.jpg,1,0
dataset/images_new/443_4.jpg,1,1
dataset/images_new/443_5.jpg,1,0
dataset/images_new/443_6.jpg,1,0
dataset/images_new/443_7.jpg,1,0
dataset/images_new/443_8.jpg,1,0
dataset/images_new/443_9.jpg,1,0
dataset/images_new/443_10.jpg,1,0
dataset/images_new/443_11.jpg,1,0
dataset/images_new/443_12.jpg,1,0
dataset/images_new/443_13.jpg,1,0
dataset/images_new/443_14.jpg,1,0
dataset/images_new/404_1.jpg,1,0
dataset/images_new/79_1.jpg,1,1
dataset/images_new/79_2.jpg,1,0
dataset/images_new/79_3.jpg,1,1
dataset/images_new/79_4.jpg,0,0
dataset/images_new/79_5.jpg,0,1
dataset/images_new/79_6.jpg,0,0
dataset/images_new/79_7.jpg,1,0
dataset/images_new/79_8.jpg,0,0
dataset/images_new/79_9.jpg,1,0
dataset/images_new/79_10.jpg,0,0
dataset/images_new/98_1.jpg,1,1
dataset/images_new/98_2.jpg,1,1
dataset/images_new/98_3.jpg,1,1
dataset/images_new/98_4.jpg,1,0
dataset/images_new/98_5.jpg,1,0
dataset/images_new/100_1.jpg,1,0
dataset/images_new/516_1.jpg,0,1
dataset/images_new/516_2.jpg,1,0
dataset/images_new/349_1.jpg,1,0
dataset/images_new/230_1.jpg,0,1
dataset/images_new/230_2.jpg,0,1
dataset/images_new/505_1.jpg,1,0
dataset/images_new/505_2.jpg,1,0
dataset/images_new/505_3.jpg,1,0
dataset/images_new/505_4.jpg,1,1
dataset/images_new/505_5.jpg,1,0
dataset/images_new/505_6.jpg,1,0
dataset/images_new/528_1.jpg,1,0
dataset/images_new/528_2.jpg,1,1
dataset/images_new/262_1.jpg,1,1
dataset/images_new/262_2.jpg,1,1
dataset/images_new/399_1.jpg,0,1
dataset/images_new/399_2.jpg,0,1
dataset/images_new/399_3.jpg,1,1
dataset/images_new/264_1.jpg,0,1
dataset/images_new/232_1.jpg,0,0
dataset/images_new/232_2.jpg,1,0
dataset/images_new/507_1.jpg,0,0
dataset/images_new/464_1.jpg,1,1
dataset/images_new/464_2.jpg,1,1
dataset/images_new/245_1.jpg,1,1
dataset/images_new/526_1.jpg,1,1
dataset/images_new/526_2.jpg,1,1
dataset/images_new/526_3.jpg,0,1
dataset/images_new/526_4.jpg,1,1
dataset/images_new/283_1.jpg,1,0
dataset/images_new/283_2.jpg,1,0
dataset/images_new/470_1.jpg,1,1
dataset/images_new/470_2.jpg,1,1
dataset/images_new/470_3.jpg,1,0
dataset/images_new/470_4.jpg,1,0
dataset/images_new/567_1.jpg,1,0
dataset/images_new/567_2.jpg,1,0
dataset/images_new/567_3.jpg,1,0
dataset/images_new/567_4.jpg,0,0
dataset/images_new/567_5.jpg,0,0
dataset/images_new/494_1.jpg,0,0
dataset/images_new/409_1.jpg,0,0
dataset/images_new/409_2.jpg,1,1
dataset/images_new/165_1.jpg,1,1
dataset/images_new/165_2.jpg,1,0
dataset/images_new/165_3.jpg,0,1
dataset/images_new/165_4.jpg,0,1
dataset/images_new/177_1.jpg,0,0
dataset/images_new/177_2.jpg,1,1
dataset/images_new/177_3.jpg,1,0
dataset/images_new/500_1.jpg,1,0
dataset/images_new/500_2.jpg,0,0
dataset/images_new/500_3.jpg,0,0
dataset/images_new/500_4.jpg,0,0
dataset/images_new/500_5.jpg,0,0
dataset/images_new/500_6.jpg,0,0
dataset/images_new/500_7.jpg,0,0
dataset/images_new/500_8.jpg,0,0
dataset/images_new/500_9.jpg,0,0
dataset/images_new/500_10.jpg,0,0
dataset/images_new/144_1.jpg,1,1
dataset/images_new/144_2.jpg,1,0
dataset/images_new/144_3.jpg,0,1
dataset/images_new/144_4.jpg,1,1
dataset/images_new/503_1.jpg,0,0
dataset/images_new/152_1.jpg,0,0
dataset/images_new/152_2.jpg,1,0
dataset/images_new/152_3.jpg,0,0
dataset/images_new/152_4.jpg,1,0
dataset/images_new/506_1.jpg,1,1
dataset/images_new/506_2.jpg,0,0
dataset/images_new/506_3.jpg,0,0
dataset/images_new/506_4.jpg,1,1
dataset/images_new/506_5.jpg,1,1
dataset/images_new/5_1.jpg,1,0
dataset/images_new/5_2.jpg,1,0
dataset/images_new/5_3.jpg,1,0
dataset/images_new/5_4.jpg,1,0
dataset/images_new/5_5.jpg,1,0
dataset/images_new/5_6.jpg,1,0
dataset/images_new/5_7.jpg,1,0
dataset/images_new/5_8.jpg,1,0
dataset/images_new/111_1.jpg,0,0
dataset/images_new/111_2.jpg,1,0
dataset/images_new/111_3.jpg,1,1
dataset/images_new/111_4.jpg,1,0
dataset/images_new/111_5.jpg,0,0
dataset/images_new/480_1.jpg,1,0
dataset/images_new/480_2.jpg,0,1
dataset/images_new/134_1.jpg,1,0
dataset/images_new/134_2.jpg,0,0
dataset/images_new/134_3.jpg,0,0
dataset/images_new/134_4.jpg,0,0
dataset/images_new/501_1.jpg,1,0
dataset/images_new/395_1.jpg,0,0
dataset/images_new/395_2.jpg,1,1
dataset/images_new/524_1.jpg,0,0
dataset/images_new/360_1.jpg,0,1
dataset/images_new/533_1.jpg,0,0
dataset/images_new/533_2.jpg,0,0
dataset/images_new/533_3.jpg,0,0
dataset/images_new/48_1.jpg,1,1
dataset/images_new/467_1.jpg,0,0
dataset/images_new/467_2.jpg,1,1
dataset/images_new/326_1.jpg,1,1
dataset/images_new/326_2.jpg,1,0
dataset/images_new/326_3.jpg,1,1
dataset/images_new/326_4.jpg,0,1
dataset/images_new/326_5.jpg,1,0
dataset/images_new/342_1.jpg,0,0
dataset/images_new/342_2.jpg,1,0
dataset/images_new/342_3.jpg,1,0
dataset/images_new/342_4.jpg,0,0
dataset/images_new/342_5.jpg,0,0
dataset/images_new/342_6.jpg,1,1
dataset/images_new/342_7.jpg,1,0
dataset/images_new/553_1.jpg,0,0
dataset/images_new/477_1.jpg,1,0
dataset/images_new/477_2.jpg,1,1
dataset/images_new/208_1.jpg,1,0
dataset/images_new/414_1.jpg,0,1
dataset/images_new/413_1.jpg,1,1
dataset/images_new/413_2.jpg,0,0
dataset/images_new/413_3.jpg,1,0
dataset/images_new/76_1.jpg,1,0
dataset/images_new/76_2.jpg,0,0
dataset/images_new/53_1.jpg,0,0
dataset/images_new/434_1.jpg,1,1
dataset/images_new/434_2.jpg,0,0
dataset/images_new/434_3.jpg,1,0
dataset/images_new/434_4.jpg,0,0
dataset/images_new/434_5.jpg,1,1
dataset/images_new/483_1.jpg,1,1
dataset/images_new/483_2.jpg,1,1
dataset/images_new/483_3.jpg,1,1
dataset/images_new/483_4.jpg,1,1
dataset/images_new/369_1.jpg,1,0
dataset/images_new/369_2.jpg,1,0
dataset/images_new/369_3.jpg,1,0
dataset/images_new/369_4.jpg,1,0
dataset/images_new/369_5.jpg,1,0
dataset/images_new/369_6.jpg,1,0
dataset/images_new/369_7.jpg,1,0
dataset/images_new/593_1.jpg,1,0
dataset/images_new/593_2.jpg,1,1
dataset/images_new/593_3.jpg,1,0
dataset/images_new/593_4.jpg,1,0
dataset/images_new/593_5.jpg,1,0
dataset/images_new/593_6.jpg,1,1
dataset/images_new/193_1.jpg,1,0
dataset/images_new/193_2.jpg,1,1
dataset/images_new/193_3.jpg,1,1
dataset/images_new/193_4.jpg,0,1
dataset/images_new/402_1.jpg,1,0
dataset/images_new/402_2.jpg,1,0
dataset/images_new/531_1.jpg,1,0
dataset/images_new/531_2.jpg,1,0
dataset/images_new/531_3.jpg,1,0
dataset/images_new/531_4.jpg,1,0
dataset/images_new/254_1.jpg,1,1
dataset/images_new/412_1.jpg,0,0
dataset/images_new/412_2.jpg,0,0
dataset/images_new/412_3.jpg,0,0
dataset/images_new/412_4.jpg,0,0
dataset/images_new/412_5.jpg,0,0
dataset/images_new/412_6.jpg,0,0
dataset/images_new/412_7.jpg,0,1
dataset/images_new/412_8.jpg,1,0
dataset/images_new/412_9.jpg,0,0
dataset/images_new/412_10.jpg,1,0
dataset/images_new/412_11.jpg,1,0
dataset/images_new/99_1.jpg,0,0
dataset/images_new/99_2.jpg,1,1
dataset/images_new/99_3.jpg,1,1
dataset/images_new/99_4.jpg,1,0
dataset/images_new/99_5.jpg,1,0
dataset/images_new/99_6.jpg,0,1
dataset/images_new/99_7.jpg,1,0
dataset/images_new/99_8.jpg,1,0
dataset/images_new/99_9.jpg,0,0
dataset/images_new/164_1.jpg,1,0
dataset/images_new/164_2.jpg,0,1
dataset/images_new/164_3.jpg,1,0
dataset/images_new/17_1.jpg,1,1
dataset/images_new/17_2.jpg,1,0
dataset/images_new/17_3.jpg,1,1
dataset/images_new/17_4.jpg,1,1
dataset/images_new/17_5.jpg,1,1
dataset/images_new/17_6.jpg,1,0
dataset/images_new/17_7.jpg,1,0
dataset/images_new/17_8.jpg,1,1
dataset/images_new/17_9.jpg,1,0
dataset/images_new/292_1.jpg,1,0
dataset/images_new/292_2.jpg,1,0
dataset/images_new/292_3.jpg,1,0
dataset/images_new/292_4.jpg,1,0
dataset/images_new/292_5.jpg,1,0
dataset/images_new/519_1.jpg,1,0
dataset/images_new/519_2.jpg,1,0
dataset/images_new/519_3.jpg,1,1
dataset/images_new/205_1.jpg,1,1
dataset/images_new/205_2.jpg,0,0
dataset/images_new/205_3.jpg,0,0
dataset/images_new/339_1.jpg,1,0
dataset/images_new/339_2.jpg,1,0
dataset/images_new/339_3.jpg,1,0
dataset/images_new/339_4.jpg,1,0
dataset/images_new/18_1.jpg,1,0
dataset/images_new/18_2.jpg,1,0
dataset/images_new/18_3.jpg,1,0
dataset/images_new/534_1.jpg,1,1
dataset/images_new/534_2.jpg,1,1
dataset/images_new/534_3.jpg,1,1
dataset/images_new/534_4.jpg,1,1
dataset/images_new/534_5.jpg,0,0
dataset/images_new/190_1.jpg,1,0
dataset/images_new/190_2.jpg,1,0
dataset/images_new/190_3.jpg,0,0
dataset/images_new/556_1.jpg,1,0
dataset/images_new/556_2.jpg,0,0
dataset/images_new/556_3.jpg,1,1
dataset/images_new/78_1.jpg,1,0
dataset/images_new/78_2.jpg,0,0
dataset/images_new/330_1.jpg,1,1
dataset/images_new/330_2.jpg,1,0
dataset/images_new/330_3.jpg,1,1
dataset/images_new/330_4.jpg,1,1
dataset/images_new/330_5.jpg,1,0
dataset/images_new/330_6.jpg,1,0
dataset/images_new/330_7.jpg,1,0
dataset/images_new/330_8.jpg,0,0
dataset/images_new/578_1.jpg,1,0
dataset/images_new/42_1.jpg,1,1
dataset/images_new/42_2.jpg,1,1
dataset/images_new/42_3.jpg,1,0
dataset/images_new/42_4.jpg,1,0
dataset/images_new/42_5.jpg,1,1
dataset/images_new/436_1.jpg,1,0
dataset/images_new/436_2.jpg,1,0
dataset/images_new/436_3.jpg,0,0
dataset/images_new/436_4.jpg,0,0
dataset/images_new/436_5.jpg,1,0
dataset/images_new/436_6.jpg,1,0
dataset/images_new/436_7.jpg,0,0
dataset/images_new/201_1.jpg,1,0
dataset/images_new/201_2.jpg,1,0
dataset/images_new/415_1.jpg,0,0
dataset/images_new/415_2.jpg,0,0
dataset/images_new/415_3.jpg,0,0
dataset/images_new/415_4.jpg,0,0
dataset/images_new/415_5.jpg,0,0
dataset/images_new/415_6.jpg,0,0
dataset/images_new/415_7.jpg,1,0
dataset/images_new/109_1.jpg,1,0
dataset/images_new/109_2.jpg,1,1
dataset/images_new/444_1.jpg,1,0
dataset/images_new/484_1.jpg,1,0
dataset/images_new/469_1.jpg,0,0
dataset/images_new/469_2.jpg,0,0
dataset/images_new/469_3.jpg,1,1
dataset/images_new/469_4.jpg,1,1
dataset/images_new/469_5.jpg,1,1
dataset/images_new/469_6.jpg,1,0
dataset/images_new/469_7.jpg,1,1
dataset/images_new/549_1.jpg,0,1
dataset/images_new/295_1.jpg,1,0
dataset/images_new/239_1.jpg,1,0
dataset/images_new/599_1.jpg,1,0
dataset/images_new/599_2.jpg,1,0
dataset/images_new/599_3.jpg,1,0
dataset/images_new/599_4.jpg,1,0
dataset/images_new/599_5.jpg,0,0
dataset/images_new/599_6.jpg,1,0
dataset/images_new/382_1.jpg,0,0
dataset/images_new/382_2.jpg,0,0
dataset/images_new/382_3.jpg,1,0
dataset/images_new/382_4.jpg,0,0
dataset/images_new/382_5.jpg,0,0
dataset/images_new/382_6.jpg,1,0
dataset/images_new/382_7.jpg,0,0
dataset/images_new/382_8.jpg,0,0
dataset/images_new/382_9.jpg,0,0
dataset/images_new/382_10.jpg,1,0
dataset/images_new/382_11.jpg,1,0
dataset/images_new/382_12.jpg,1,0
dataset/images_new/382_13.jpg,1,0
dataset/images_new/382_14.jpg,0,0
dataset/images_new/382_15.jpg,0,0
dataset/images_new/382_16.jpg,0,0
dataset/images_new/382_17.jpg,0,0
dataset/images_new/19_1.jpg,0,1
dataset/images_new/189_1.jpg,1,0
dataset/images_new/189_2.jpg,1,0
dataset/images_new/189_3.jpg,1,0
dataset/images_new/189_4.jpg,1,0
dataset/images_new/189_5.jpg,1,0
dataset/images_new/189_6.jpg,1,0
dataset/images_new/189_7.jpg,1,0
dataset/images_new/189_8.jpg,0,0
dataset/images_new/420_1.jpg,1,0
dataset/images_new/420_2.jpg,1,0
dataset/images_new/420_3.jpg,1,0
dataset/images_new/420_4.jpg,1,0
dataset/images_new/195_1.jpg,1,0
dataset/images_new/195_2.jpg,1,0
dataset/images_new/195_3.jpg,1,0
dataset/images_new/195_4.jpg,1,0
dataset/images_new/195_5.jpg,1,0
dataset/images_new/195_6.jpg,1,0
dataset/images_new/195_7.jpg,1,0
dataset/images_new/196_1.jpg,1,0
dataset/images_new/374_1.jpg,0,1
dataset/images_new/47_1.jpg,1,1
dataset/images_new/47_2.jpg,1,1
dataset/images_new/47_3.jpg,1,1
dataset/images_new/47_4.jpg,1,0
dataset/images_new/47_5.jpg,0,0
dataset/images_new/47_6.jpg,1,0
dataset/images_new/47_7.jpg,1,1
dataset/images_new/25_1.jpg,1,0
dataset/images_new/172_1.jpg,0,0
dataset/images_new/172_2.jpg,0,0
dataset/images_new/387_1.jpg,0,0
dataset/images_new/387_2.jpg,1,0
dataset/images_new/387_3.jpg,1,0
dataset/images_new/387_4.jpg,0,0
dataset/images_new/387_5.jpg,1,0
dataset/images_new/387_6.jpg,1,0
dataset/images_new/478_1.jpg,1,0
dataset/images_new/106_1.jpg,0,0
dataset/images_new/106_2.jpg,0,1
dataset/images_new/106_3.jpg,0,1
dataset/images_new/106_4.jpg,0,0
dataset/images_new/106_5.jpg,1,1
dataset/images_new/106_6.jpg,0,1
dataset/images_new/106_7.jpg,0,1
dataset/images_new/106_8.jpg,0,1
dataset/images_new/106_9.jpg,0,1
dataset/images_new/106_10.jpg,0,1
dataset/images_new/106_11.jpg,0,1
dataset/images_new/106_12.jpg,0,1
dataset/images_new/106_13.jpg,1,0
dataset/images_new/106_14.jpg,0,0
dataset/images_new/106_15.jpg,0,0
dataset/images_new/106_16.jpg,1,0
dataset/images_new/354_1.jpg,1,0
dataset/images_new/102_1.jpg,1,0
dataset/images_new/102_2.jpg,0,0
dataset/images_new/102_3.jpg,0,0
dataset/images_new/102_4.jpg,0,0
dataset/images_new/102_5.jpg,0,0
dataset/images_new/102_6.jpg,0,0
dataset/images_new/102_7.jpg,1,0
dataset/images_new/102_8.jpg,1,0
dataset/images_new/102_9.jpg,0,0
dataset/images_new/102_10.jpg,0,0
dataset/images_new/102_11.jpg,0,0
dataset/images_new/102_12.jpg,1,0
dataset/images_new/102_13.jpg,1,0
dataset/images_new/102_14.jpg,0,0
dataset/images_new/102_15.jpg,0,0
dataset/images_new/57_1.jpg,1,0
dataset/images_new/34_1.jpg,1,1
dataset/images_new/131_1.jpg,0,0
dataset/images_new/131_2.jpg,0,0
dataset/images_new/185_1.jpg,0,1
dataset/images_new/185_2.jpg,0,1
dataset/images_new/15_1.jpg,1,0
dataset/images_new/15_2.jpg,0,0
dataset/images_new/15_3.jpg,0,0
dataset/images_new/15_4.jpg,0,0
dataset/images_new/15_5.jpg,1,0
dataset/images_new/15_6.jpg,1,0
dataset/images_new/15_7.jpg,1,0
dataset/images_new/15_8.jpg,1,0
dataset/images_new/15_9.jpg,1,0
dataset/images_new/377_1.jpg,0,0
dataset/images_new/316_1.jpg,1,1
dataset/images_new/560_1.jpg,1,0
dataset/images_new/560_2.jpg,1,0
dataset/images_new/560_3.jpg,0,0
dataset/images_new/560_4.jpg,1,0
